time_s,T_K,HRR_kW,O2_volpct,CO2_volpct,H2O_volpct,fuel_kg,inhib_kgm3,inert_kgm3,ACH,agent_mdot_kgps,reward
0.020000,295.150000,0.000000,20.950000,0.042000,1.000000,50.000000,0.000000,0.000000,3.000000,0.000000,10.000000
0.100000,295.150000,0.000000,20.950000,0.042000,1.000000,50.000000,0.000000,0.000000,3.000000,0.000000,10.000000
0.220000,295.150000,0.000000,20.950000,0.042000,1.000000,50.000000,0.000000,0.000000,3.000000,0.000000,10.000000
0.320000,295.150000,0.000000,20.950000,0.042000,1.000000,50.000000,0.000000,0.000000,3.000000,0.000000,10.000000
0.400000,295.150000,0.000000,20.950000,0.042000,1.000000,50.000000,0.000000,0.000000,3.000000,0.000000,10.000000
0.500000,295.150000,0.000000,20.950000,0.042000,1.000000,50.000000,0.000000,0.000000,3.000000,0.000000,10.000000
0.600000,295.150000,0.000000,20.950000,0.042000,1.000000,50.000000,0.000000,0.000000,3.000000,0.000000,10.000000
0.700000,295.150000,0.000000,20.950000,0.042000,1.000000,50.000000,0.000000,0.000000,3.000000,0.000000,10.000000
0.800000,295.150000,0.000000,20.950000,0.042000,1.000000,50.000000,0.000000,0.000000,3.000000,0.000000,10.000000
0.900000,295.150000,0.000000,20.950000,0.042000,1.000000,50.000000,0.000000,0.000000,3.000000,0.000000,10.000000
1.000000,295.150000,0.000000,20.950000,0.042000,1.000000,50.000000,0.000000,0.000000,3.000000,0.000000,10.000000
1.100000,295.150000,0.000000,20.950000,0.042000,1.000000,50.000000,0.000000,0.000000,3.000000,0.000000,10.000000
1.200000,295.150000,0.000000,20.950000,0.042000,1.000000,50.000000,0.000000,0.000000,3.000000,0.000000,10.000000
1.300000,295.150000,0.000000,20.950000,0.042000,1.000000,50.000000,0.000000,0.000000,3.000000,0.000000,10.000000
1.400000,295.150000,0.000000,20.950000,0.042000,1.000000,50.000000,0.000000,0.000000,3.000000,0.000000,10.000000
1.500000,295.150000,0.000000,20.950000,0.042000,1.000000,50.000000,0.000000,0.000000,3.000000,0.000000,10.000000
1.600000,295.150000,0.000000,20.950000,0.042000,1.000000,50.000000,0.000000,0.000000,3.000000,0.000000,10.000000
1.700000,295.150000,0.000000,20.950000,0.042000,1.000000,50.000000,0.000000,0.000000,3.000000,0.000000,10.000000
1.800000,295.150000,0.000000,20.950000,0.042000,1.000000,50.000000,0.000000,0.000000,3.000000,0.000000,10.000000
1.900000,295.150000,0.000000,20.950000,0.042000,1.000000,50.000000,0.000000,0.000000,3.000000,0.000000,10.000000
2.000000,295.150000,0.000000,20.950000,0.042000,1.000000,50.000000,0.000000,0.000000,3.000000,0.000000,10.000000
2.100000,295.181794,74.639739,20.949482,0.042154,1.000141,49.999000,0.000000,0.000000,3.000000,0.000000,10.000000
2.200000,295.259644,136.271621,20.948652,0.042532,1.000507,49.998000,0.000000,0.000000,3.000000,0.000000,10.000000
2.300000,295.375420,187.160458,20.947564,0.043095,1.001059,49.997000,0.000000,0.000000,3.000000,0.000000,10.000000
2.400000,295.522409,229.177561,20.946263,0.043811,1.001764,49.996000,0.000000,0.000000,3.000000,0.000000,10.000000
2.500000,295.695067,263.868817,20.944785,0.044653,1.002597,49.995000,0.000000,0.000000,3.000000,0.000000,10.000000
2.600000,295.888818,292.511093,20.943163,0.045599,1.003534,49.994000,0.000000,0.000000,3.000000,0.000000,10.000000
2.700000,296.099882,316.158916,20.941420,0.046631,1.004557,49.993000,0.000000,0.000000,3.000000,0.000000,10.000000
2.800000,296.325140,335.683115,20.939579,0.047734,1.005651,49.992000,0.000000,0.000000,3.000000,0.000000,10.000000
2.900000,296.562016,351.802757,20.937656,0.048896,1.006804,49.991000,0.000000,0.000000,3.000000,0.000000,10.000000
3.000000,296.808383,365.111567,20.935666,0.050105,1.008006,49.990000,0.000000,0.000000,3.000000,0.000000,10.000000
3.100000,297.062486,376.099750,20.933621,0.051355,1.009248,49.989000,0.000000,0.000000,3.000000,0.000000,10.000000
3.200000,297.322876,385.172030,20.931529,0.052637,1.010523,49.988000,0.000000,0.000000,3.000000,0.000000,10.000000
3.300000,297.588355,392.662545,20.929400,0.053947,1.011825,49.987000,0.000000,0.000000,3.000000,0.000000,10.000000
3.400000,297.857938,398.847153,20.927239,0.055279,1.013149,49.986000,0.000000,0.000000,3.000000,0.000000,10.000000
3.500000,298.130808,403.953598,20.925053,0.056629,1.014493,49.985000,0.000000,0.000000,3.000000,0.000000,10.000000
3.600000,298.406292,408.169898,20.922846,0.057995,1.015851,49.984000,0.000000,0.000000,3.000000,0.000000,10.000000
3.700000,298.683835,411.651274,20.920621,0.059373,1.017222,49.983000,0.000000,0.000000,3.000000,0.000000,10.000000
3.800000,298.962979,414.525874,20.918382,0.060762,1.018603,49.982000,0.000000,0.000000,3.000000,0.000000,10.000000
3.900000,299.243344,416.899494,20.916131,0.062159,1.019993,49.981000,0.000000,0.000000,3.000000,0.000000,10.000000
4.000000,299.524619,418.859476,20.913870,0.063563,1.021390,49.980000,0.000000,0.000000,3.000000,0.000000,10.000000
4.120000,299.862990,420.766074,20.911147,0.065255,1.023074,49.978800,0.000000,0.000000,3.000000,0.000000,10.000000
4.220000,300.145422,422.052334,20.908870,0.066670,1.024482,49.977800,0.000000,0.000000,3.000000,0.000000,10.000000
4.320000,300.428086,423.114504,20.906589,0.068089,1.025894,49.976800,0.000000,0.000000,3.000000,0.000000,10.000000
4.420000,300.710842,423.991640,20.904303,0.069511,1.027309,49.975800,0.000000,0.000000,3.000000,0.000000,10.000000
4.520000,300.993576,424.715987,20.902014,0.070936,1.028727,49.974800,0.000000,0.000000,3.000000,0.000000,10.000000
4.620000,301.276193,425.314171,20.899721,0.072362,1.030146,49.973800,0.000000,0.000000,3.000000,0.000000,10.000000
4.720000,301.558615,425.808173,20.897427,0.073790,1.031568,49.972800,0.000000,0.000000,3.000000,0.000000,10.000000
4.820000,301.840777,426.216145,20.895131,0.075220,1.032990,49.971800,0.000000,0.000000,3.000000,0.000000,10.000000
4.920000,302.122626,426.553075,20.892833,0.076651,1.034414,49.970800,0.000000,0.000000,3.000000,0.000000,10.000000
5.020000,302.404119,426.831337,20.890534,0.078082,1.035839,49.969800,0.000000,0.000000,3.000000,0.000000,10.000000
5.120000,302.633263,426.937343,20.886080,0.079506,1.037157,49.968800,0.000063,0.000187,3.000000,0.300000,9.400000
5.220000,302.861982,427.024762,20.881627,0.080930,1.038475,49.967800,0.000125,0.000375,3.000000,0.300000,9.400000
5.320000,303.090265,427.096824,20.877175,0.082353,1.039793,49.966800,0.000188,0.000562,3.000000,0.300000,9.400000
5.420000,303.318105,427.156162,20.872724,0.083776,1.041110,49.965800,0.000250,0.000750,3.000000,0.300000,9.400000
5.520000,303.545493,427.204894,20.868274,0.085199,1.042428,49.964800,0.000313,0.000937,3.000000,0.300000,9.400000
5.620000,303.772423,427.244697,20.863826,0.086622,1.043745,49.963800,0.000375,0.001125,3.000000,0.300000,9.400000
5.720000,303.998891,427.276851,20.859378,0.088045,1.045062,49.962800,0.000438,0.001312,3.000000,0.300000,9.400000
5.820000,304.224893,427.302291,20.854932,0.089467,1.046378,49.961800,0.000500,0.001499,3.000000,0.300000,9.400000
5.920000,304.450425,427.321647,20.850487,0.090888,1.047695,49.960800,0.000563,0.001687,3.000000,0.300000,9.400000
6.020000,304.675483,427.335307,20.846043,0.092310,1.049011,49.959800,0.000625,0.001874,3.000000,0.300000,9.400000
6.120000,304.900065,427.343444,20.841600,0.093731,1.050326,49.958800,0.000688,0.002062,3.000000,0.300000,9.400000
6.220000,305.124167,427.346040,20.837159,0.095151,1.051642,49.957800,0.000750,0.002249,3.000000,0.300000,9.400000
6.320000,305.347786,427.342909,20.832719,0.096571,1.052956,49.956800,0.000813,0.002436,3.000000,0.300000,9.400000
6.420000,305.570920,427.333721,20.828281,0.097991,1.054271,49.955800,0.000875,0.002623,3.000000,0.300000,9.400000
6.520000,305.793563,427.318020,20.823843,0.099410,1.055585,49.954800,0.000938,0.002811,3.000000,0.300000,9.400000
6.620000,306.015714,427.295241,20.819408,0.100829,1.056899,49.953801,0.001000,0.002998,3.000000,0.300000,9.400000
6.720000,306.237366,427.264723,20.814973,0.102248,1.058212,49.952801,0.001063,0.003185,3.000000,0.300000,9.400000
6.820000,306.458515,427.225723,20.810540,0.103666,1.059525,49.951801,0.001125,0.003372,3.000000,0.300000,9.400000
6.920000,306.679157,427.177430,20.806108,0.105083,1.060837,49.950801,0.001188,0.003560,3.000000,0.300000,9.400000
7.020000,306.899284,427.118974,20.801678,0.106500,1.062149,49.949802,0.001250,0.003747,3.000000,0.300000,9.400000
7.120000,307.118891,427.049437,20.797250,0.107917,1.063461,49.948802,0.001313,0.003934,3.000000,0.300000,9.400000
7.220000,307.337970,426.967861,20.792822,0.109333,1.064772,49.947803,0.001375,0.004121,3.000000,0.300000,9.400000
7.320000,307.556514,426.873260,20.788397,0.110748,1.066082,49.946804,0.001438,0.004308,3.000000,0.300000,9.400000
7.420000,307.774513,426.764625,20.783972,0.112163,1.067392,49.945805,0.001500,0.004495,3.000000,0.300000,9.400000
7.520000,307.991960,426.640936,20.779550,0.113578,1.068702,49.944806,0.001563,0.004683,3.000000,0.300000,9.400000
7.620000,308.208843,426.501163,20.775129,0.114992,1.070011,49.943807,0.001625,0.004870,3.000000,0.300000,9.400000
7.720000,308.425153,426.344279,20.770710,0.116405,1.071319,49.942809,0.001688,0.005057,3.000000,0.300000,9.400000
7.820000,308.640878,426.169264,20.766292,0.117817,1.072627,49.941810,0.001750,0.005244,3.000000,0.300000,9.400000
7.920000,308.856006,425.975111,20.761876,0.119229,1.073934,49.940812,0.001813,0.005431,3.000000,0.300000,9.400000
8.020000,309.070525,425.760832,20.757462,0.120640,1.075240,49.939815,0.001875,0.005618,3.000000,0.300000,9.400000
8.120000,309.284422,425.525466,20.753050,0.122051,1.076546,49.938817,0.001938,0.005805,3.000000,0.300000,9.400000
8.220000,309.497683,425.268080,20.748640,0.123460,1.077851,49.937820,0.002000,0.005992,3.000000,0.300000,9.400000
8.320000,309.710293,424.987778,20.744232,0.124869,1.079155,49.936824,0.002063,0.006179,3.000000,0.300000,9.400000
8.420000,309.922237,424.683702,20.739826,0.126277,1.080459,49.935828,0.002125,0.006366,3.000000,0.300000,9.400000
8.520000,310.133501,424.355041,20.735421,0.127684,1.081761,49.934832,0.002188,0.006553,3.000000,0.300000,9.400000
8.620000,310.344068,424.001029,20.731019,0.129091,1.083063,49.933836,0.002250,0.006740,3.000000,0.300000,9.400000
8.720000,310.553921,423.620953,20.726619,0.130496,1.084364,49.932842,0.002313,0.006927,3.000000,0.300000,9.400000
8.820000,310.763044,423.214155,20.722222,0.131901,1.085664,49.931847,0.002375,0.007114,3.000000,0.300000,9.400000
8.920000,310.971420,422.780035,20.717827,0.133304,1.086963,49.930854,0.002438,0.007301,3.000000,0.300000,9.400000
9.020000,311.179031,422.318053,20.713434,0.134706,1.088261,49.929861,0.002500,0.007487,3.000000,0.300000,9.400000
9.120000,311.385859,421.827731,20.709043,0.136107,1.089558,49.928868,0.002563,0.007674,3.000000,0.300000,9.400000
9.220000,311.591886,421.308655,20.704656,0.137507,1.090853,49.927876,0.002625,0.007861,3.000000,0.300000,9.400000
9.320000,311.797093,420.760479,20.700270,0.138906,1.092148,49.926885,0.002688,0.008048,3.000000,0.300000,9.400000
9.420000,312.001463,420.182920,20.695888,0.140304,1.093441,49.925895,0.002750,0.008235,3.000000,0.300000,9.400000
9.520000,312.204976,419.575767,20.691508,0.141700,1.094733,49.924905,0.002813,0.008422,3.000000,0.300000,9.400000
9.620000,312.407614,418.938873,20.687131,0.143095,1.096024,49.923917,0.002875,0.008608,3.000000,0.300000,9.400000
9.720000,312.609358,418.272162,20.682757,0.144489,1.097314,49.922929,0.002938,0.008795,3.000000,0.300000,9.400000
9.820000,312.810189,417.575622,20.678387,0.145881,1.098602,49.921942,0.003000,0.008982,3.000000,0.300000,9.400000
9.920000,313.010089,416.849312,20.674019,0.147271,1.099888,49.920956,0.003063,0.009169,3.000000,0.300000,9.400000
10.020000,313.209040,416.093355,20.669654,0.148661,1.101173,49.919971,0.003125,0.009355,3.000000,0.300000,9.400000
10.120000,313.407022,415.307940,20.665293,0.150048,1.102457,49.918987,0.003188,0.009542,3.000000,0.300000,9.400000
10.220000,313.604018,414.493318,20.660935,0.151434,1.103739,49.918004,0.003250,0.009729,3.000000,0.300000,9.400000
10.320000,313.800010,413.649802,20.656580,0.152818,1.105019,49.917022,0.003313,0.009916,3.000000,0.300000,9.400000
10.420000,313.994980,412.777767,20.652229,0.154200,1.106298,49.916041,0.003375,0.010102,3.000000,0.300000,9.400000
10.520000,314.188911,411.877643,20.647882,0.155581,1.107575,49.915062,0.003438,0.010289,3.000000,0.300000,9.400000
10.620000,314.381786,410.949916,20.643538,0.156960,1.108850,49.914083,0.003500,0.010475,3.000000,0.300000,9.400000
10.720000,314.573589,409.995125,20.639198,0.158337,1.110123,49.913106,0.003563,0.010662,3.000000,0.300000,9.400000
10.820000,314.764303,409.013859,20.634861,0.159712,1.111394,49.912130,0.003625,0.010849,3.000000,0.300000,9.400000
10.920000,314.953913,408.006753,20.630529,0.161085,1.112663,49.911155,0.003688,0.011035,3.000000,0.300000,9.400000
11.020000,315.142404,406.974487,20.626200,0.162456,1.113931,49.910182,0.003750,0.011222,3.000000,0.300000,9.400000
11.120000,315.329761,405.917782,20.621876,0.163825,1.115196,49.909210,0.003813,0.011408,3.000000,0.300000,9.400000
11.220000,315.515970,404.837397,20.617555,0.165191,1.116459,49.908239,0.003875,0.011595,3.000000,0.300000,9.400000
11.320000,315.701018,403.734124,20.613239,0.166556,1.117721,49.907270,0.003938,0.011781,3.000000,0.300000,9.400000
11.420000,315.884892,402.608789,20.608927,0.167918,1.118979,49.906302,0.004000,0.011968,3.000000,0.300000,9.400000
11.520000,316.067579,401.462246,20.604620,0.169278,1.120236,49.905335,0.004063,0.012154,3.000000,0.300000,9.400000
11.620000,316.249069,400.295371,20.600316,0.170636,1.121491,49.904370,0.004125,0.012341,3.000000,0.300000,9.400000
11.720000,316.429349,399.109067,20.596018,0.171992,1.122743,49.903407,0.004188,0.012527,3.000000,0.300000,9.400000
11.820000,316.608410,397.904250,20.591723,0.173345,1.123993,49.902445,0.004250,0.012714,3.000000,0.300000,9.400000
11.920000,316.786242,396.681857,20.587433,0.174695,1.125240,49.901484,0.004312,0.012900,3.000000,0.300000,9.400000
12.020000,316.962836,395.442833,20.583148,0.176044,1.126485,49.900526,0.004375,0.013087,3.000000,0.300000,9.400000
12.120000,317.138184,394.188137,20.578868,0.177390,1.127728,49.899568,0.004437,0.013273,3.000000,0.300000,9.400000
12.220000,317.312277,392.918731,20.574592,0.178733,1.128968,49.898613,0.004500,0.013459,3.000000,0.300000,9.400000
12.320000,317.485110,391.635582,20.570321,0.180074,1.130206,49.897659,0.004562,0.013646,3.000000,0.300000,9.400000
12.420000,317.656676,390.339661,20.566054,0.181412,1.131441,49.896706,0.004625,0.013832,3.000000,0.300000,9.400000
12.520000,317.826970,389.031934,20.561793,0.182747,1.132674,49.895755,0.004687,0.014019,3.000000,0.300000,9.400000
12.620000,317.995985,387.713366,20.557536,0.184080,1.133904,49.894806,0.004750,0.014205,3.000000,0.300000,9.400000
12.720000,318.163719,386.384915,20.553285,0.185411,1.135131,49.893859,0.004812,0.014391,3.000000,0.300000,9.400000
12.820000,318.330168,385.047532,20.549038,0.186738,1.136356,49.892913,0.004875,0.014577,3.000000,0.300000,9.400000
12.920000,318.495329,383.702156,20.544796,0.188063,1.137578,49.891969,0.004937,0.014764,3.000000,0.300000,9.400000
13.020000,318.659199,382.349716,20.540559,0.189386,1.138798,49.891027,0.005000,0.014950,3.000000,0.300000,9.400000
13.120000,318.821777,380.991126,20.536328,0.190705,1.140015,49.890086,0.005062,0.015136,3.000000,0.300000,9.400000
13.220000,318.983062,379.627286,20.532101,0.192022,1.141229,49.889147,0.005125,0.015322,3.000000,0.300000,9.400000
13.320000,319.143054,378.259077,20.527880,0.193336,1.142440,49.888210,0.005187,0.015509,3.000000,0.300000,9.400000
13.420000,319.301753,376.887364,20.523663,0.194647,1.143649,49.887275,0.005250,0.015695,3.000000,0.300000,9.400000
13.520000,319.459159,375.512991,20.519452,0.195955,1.144855,49.886341,0.005312,0.015881,3.000000,0.300000,9.400000
13.620000,319.615275,374.136783,20.515246,0.197261,1.146058,49.885409,0.005375,0.016067,3.000000,0.300000,9.400000
13.720000,319.770102,372.759542,20.511045,0.198564,1.147258,49.884479,0.005437,0.016253,3.000000,0.300000,9.400000
13.820000,319.923643,371.382048,20.506849,0.199864,1.148456,49.883550,0.005500,0.016440,3.000000,0.300000,9.400000
13.920000,320.075900,370.005059,20.502659,0.201161,1.149651,49.882624,0.005562,0.016626,3.000000,0.300000,9.400000
14.020000,320.226877,368.629308,20.498473,0.202455,1.150843,49.881699,0.005625,0.016812,3.000000,0.300000,9.400000
14.120000,320.376578,367.255504,20.494293,0.203747,1.152032,49.880775,0.005687,0.016998,3.000000,0.300000,9.400000
14.220000,320.525009,365.884333,20.490118,0.205036,1.153218,49.879854,0.005750,0.017184,3.000000,0.300000,9.400000
14.320000,320.672172,364.516452,20.485948,0.206321,1.154402,49.878934,0.005812,0.017370,3.000000,0.300000,9.400000
14.420000,320.818075,363.152498,20.481784,0.207604,1.155583,49.878016,0.005875,0.017556,3.000000,0.300000,9.400000
14.520000,320.962722,361.793079,20.477624,0.208884,1.156761,49.877100,0.005937,0.017742,3.000000,0.300000,9.400000
14.620000,321.106120,360.438778,20.473470,0.210162,1.157936,49.876185,0.006000,0.017928,3.000000,0.300000,9.400000
14.720000,321.248276,359.090154,20.469321,0.211436,1.159109,49.875272,0.006062,0.018114,3.000000,0.300000,9.400000
14.820000,321.389196,357.747741,20.465177,0.212708,1.160278,49.874361,0.006125,0.018300,3.000000,0.300000,9.400000
14.920000,321.528887,356.412045,20.461038,0.213977,1.161445,49.873452,0.006187,0.018486,3.000000,0.300000,9.400000
15.020000,321.667358,355.083549,20.456905,0.215243,1.162609,49.872544,0.006250,0.018672,3.000000,0.300000,9.400000
15.120000,321.804615,353.762713,20.452776,0.216506,1.163771,49.871638,0.006312,0.018858,3.000000,0.300000,9.400000
15.220000,321.940668,352.449969,20.448653,0.217766,1.164929,49.870734,0.006375,0.019044,3.000000,0.300000,9.400000
15.320000,322.075524,351.145728,20.444535,0.219024,1.166085,49.869831,0.006437,0.019230,3.000000,0.300000,9.400000
15.420000,322.209193,349.850377,20.440422,0.220278,1.167238,49.868930,0.006500,0.019416,3.000000,0.300000,9.400000
15.520000,322.341682,348.564277,20.436314,0.221530,1.168388,49.868030,0.006562,0.019601,3.000000,0.300000,9.400000
15.620000,322.473002,347.287770,20.432211,0.222780,1.169536,49.867133,0.006625,0.019787,3.000000,0.300000,9.400000
15.720000,322.603161,346.021175,20.428113,0.224026,1.170681,49.866237,0.006687,0.019973,3.000000,0.300000,9.400000
15.820000,322.732170,344.764787,20.424020,0.225270,1.171823,49.865342,0.006750,0.020159,3.000000,0.300000,9.400000
15.920000,322.860037,343.518883,20.419932,0.226511,1.172963,49.864449,0.006812,0.020345,3.000000,0.300000,9.400000
16.020000,322.986773,342.283718,20.415849,0.227749,1.174100,49.863558,0.006875,0.020531,3.000000,0.300000,9.400000
16.120000,323.112387,341.059527,20.411771,0.228985,1.175234,49.862668,0.006937,0.020716,3.000000,0.300000,9.400000
16.220000,323.236890,339.846526,20.407698,0.230218,1.176365,49.861780,0.007000,0.020902,3.000000,0.300000,9.400000
16.320000,323.360292,338.644912,20.403629,0.231448,1.177494,49.860893,0.007062,0.021088,3.000000,0.300000,9.400000
16.420000,323.482603,337.454864,20.399566,0.232676,1.178621,49.860008,0.007125,0.021274,3.000000,0.300000,9.400000
16.520000,323.603835,336.276544,20.395507,0.233901,1.179745,49.859125,0.007187,0.021459,3.000000,0.300000,9.400000
16.620000,323.723996,335.110097,20.391453,0.235124,1.180866,49.858243,0.007250,0.021645,3.000000,0.300000,9.400000
16.720000,323.843098,333.955650,20.387404,0.236343,1.181985,49.857362,0.007312,0.021831,3.000000,0.300000,9.400000
16.820000,323.961152,332.813317,20.383360,0.237561,1.183101,49.856483,0.007375,0.022016,3.000000,0.300000,9.400000
16.920000,324.078168,331.683195,20.379320,0.238775,1.184214,49.855606,0.007437,0.022202,3.000000,0.300000,9.400000
17.020000,324.194156,330.565367,20.375285,0.239988,1.185326,49.854730,0.007500,0.022388,3.000000,0.300000,9.400000
17.120000,324.309129,329.459904,20.371255,0.241197,1.186434,49.853855,0.007562,0.022573,3.000000,0.300000,9.400000
17.220000,324.423095,328.366861,20.367229,0.242405,1.187541,49.852982,0.007625,0.022759,3.000000,0.300000,9.400000
17.320000,324.536067,327.286282,20.363208,0.243609,1.188644,49.852110,0.007687,0.022945,3.000000,0.300000,9.400000
17.420000,324.648055,326.218198,20.359191,0.244812,1.189746,49.851240,0.007750,0.023130,3.000000,0.300000,9.400000
17.520000,324.759069,325.162629,20.355179,0.246012,1.190845,49.850371,0.007812,0.023316,3.000000,0.300000,9.400000
17.620000,324.869121,324.119584,20.351171,0.247209,1.191941,49.849503,0.007875,0.023501,3.000000,0.300000,9.400000
17.720000,324.978221,323.089062,20.347168,0.248404,1.193036,49.848637,0.007937,0.023687,3.000000,0.300000,9.400000
17.820000,325.086380,322.071051,20.343169,0.249597,1.194128,49.847772,0.008000,0.023872,3.000000,0.300000,9.400000
17.920000,325.193608,321.065530,20.339175,0.250787,1.195217,49.846908,0.008062,0.024058,3.000000,0.300000,9.400000
18.020000,325.299916,320.072471,20.335185,0.251975,1.196305,49.846046,0.008125,0.024243,3.000000,0.300000,9.400000
18.120000,325.405315,319.091833,20.331199,0.253161,1.197390,49.845185,0.008187,0.024429,3.000000,0.300000,9.400000
18.220000,325.509816,318.123572,20.327217,0.254345,1.198473,49.844325,0.008250,0.024614,3.000000,0.300000,9.400000
18.320000,325.613427,317.167635,20.323240,0.255526,1.199554,49.843467,0.008312,0.024800,3.000000,0.300000,9.400000
18.420000,325.716161,316.223959,20.319266,0.256705,1.200632,49.842609,0.008375,0.024985,3.000000,0.300000,9.400000
18.520000,325.818027,315.292479,20.315297,0.257882,1.201708,49.841754,0.008437,0.025170,3.000000,0.300000,9.400000
18.620000,325.919036,314.373121,20.311332,0.259056,1.202783,49.840899,0.008500,0.025356,3.000000,0.300000,9.400000
18.720000,326.019198,313.465805,20.307372,0.260229,1.203855,49.840045,0.008562,0.025541,3.000000,0.300000,9.400000
18.820000,326.118522,312.570447,20.303415,0.261399,1.204924,49.839193,0.008625,0.025727,3.000000,0.300000,9.400000
18.920000,326.217019,311.686957,20.299462,0.262567,1.205992,49.838342,0.008687,0.025912,3.000000,0.300000,9.400000
19.020000,326.314699,310.815242,20.295513,0.263733,1.207058,49.837492,0.008750,0.026097,3.000000,0.300000,9.400000
19.120000,326.411572,309.955201,20.291568,0.264897,1.208122,49.836643,0.008812,0.026283,3.000000,0.300000,9.400000
19.220000,326.507647,309.106733,20.287627,0.266059,1.209183,49.835795,0.008875,0.026468,3.000000,0.300000,9.400000
19.320000,326.602934,308.269731,20.283690,0.267219,1.210243,49.834949,0.008937,0.026653,3.000000,0.300000,9.400000
19.420000,326.697442,307.444084,20.279757,0.268377,1.211301,49.834103,0.009000,0.026838,3.000000,0.300000,9.400000
19.520000,326.791182,306.629681,20.275827,0.269533,1.212357,49.833259,0.009062,0.027024,3.000000,0.300000,9.400000
19.620000,326.884162,305.826405,20.271902,0.270686,1.213410,49.832415,0.009125,0.027209,3.000000,0.300000,9.400000
19.720000,326.976391,305.034138,20.267980,0.271838,1.214462,49.831573,0.009187,0.027394,3.000000,0.300000,9.400000
19.820000,327.067879,304.252760,20.264061,0.272988,1.215512,49.830732,0.009250,0.027579,3.000000,0.300000,9.400000
19.920000,327.158635,303.482146,20.260147,0.274136,1.216560,49.829892,0.009312,0.027765,3.000000,0.300000,9.400000
20.020000,327.248668,302.722173,20.256236,0.275283,1.217607,49.829053,0.009375,0.027950,3.000000,0.300000,9.400000
20.120000,327.337986,301.972714,20.252328,0.276427,1.218651,49.828214,0.009437,0.028135,3.000000,0.300000,9.400000
20.220000,327.426599,301.233642,20.248425,0.277569,1.219694,49.827377,0.009500,0.028320,3.000000,0.300000,9.400000
20.320000,327.514514,300.504828,20.244525,0.278710,1.220734,49.826541,0.009562,0.028505,3.000000,0.300000,9.400000
20.420000,327.601741,299.786141,20.240628,0.279849,1.221773,49.825706,0.009625,0.028690,3.000000,0.300000,9.400000
20.520000,327.688288,299.077451,20.236735,0.280986,1.222811,49.824872,0.009687,0.028875,3.000000,0.300000,9.400000
20.620000,327.774163,298.378626,20.232845,0.282121,1.223846,49.824039,0.009750,0.029060,3.000000,0.300000,9.400000
20.720000,327.859374,297.689534,20.228959,0.283254,1.224880,49.823206,0.009812,0.029246,3.000000,0.300000,9.400000
20.820000,327.943929,297.010043,20.225076,0.284386,1.225912,49.822375,0.009875,0.029431,3.000000,0.300000,9.400000
20.920000,328.027837,296.340020,20.221196,0.285516,1.226942,49.821544,0.009937,0.029616,3.000000,0.300000,9.400000
21.020000,328.111104,295.679331,20.217320,0.286644,1.227971,49.820715,0.010000,0.029801,3.000000,0.300000,9.400000
21.120000,328.193740,295.027844,20.213447,0.287771,1.228998,49.819886,0.010062,0.029986,3.000000,0.300000,9.400000
21.220000,328.275751,294.385427,20.209577,0.288896,1.230024,49.819058,0.010125,0.030171,3.000000,0.300000,9.400000
21.320000,328.357146,293.751947,20.205711,0.290019,1.231047,49.818232,0.010187,0.030356,3.000000,0.300000,9.400000
21.420000,328.437930,293.127271,20.201848,0.291141,1.232070,49.817405,0.010250,0.030541,3.000000,0.300000,9.400000
21.520000,328.518113,292.511269,20.197988,0.292261,1.233090,49.816580,0.010312,0.030726,3.000000,0.300000,9.400000
21.620000,328.597701,291.903808,20.194131,0.293379,1.234109,49.815756,0.010375,0.030910,3.000000,0.300000,9.400000
21.720000,328.676700,291.304759,20.190277,0.294496,1.235127,49.814932,0.010437,0.031095,3.000000,0.300000,9.400000
21.820000,328.755119,290.713991,20.186426,0.295611,1.236143,49.814109,0.010500,0.031280,3.000000,0.300000,9.400000
21.920000,328.832964,290.131375,20.182579,0.296725,1.237157,49.813288,0.010562,0.031465,3.000000,0.300000,9.400000
22.020000,328.910241,289.556784,20.178734,0.297837,1.238170,49.812466,0.010625,0.031650,3.000000,0.300000,9.400000
22.120000,328.986958,288.990089,20.174893,0.298948,1.239182,49.811646,0.010687,0.031835,3.000000,0.300000,9.400000
22.220000,329.063122,288.431165,20.171054,0.300057,1.240192,49.810826,0.010750,0.032020,3.000000,0.300000,9.400000
22.320000,329.138737,287.879886,20.167219,0.301165,1.241200,49.810008,0.010812,0.032205,3.000000,0.300000,9.400000
22.420000,329.213812,287.336128,20.163387,0.302271,1.242207,49.809189,0.010875,0.032389,3.000000,0.300000,9.400000
22.520000,329.288352,286.799768,20.159557,0.303376,1.243213,49.808372,0.010937,0.032574,3.000000,0.300000,9.400000
22.620000,329.362363,286.270684,20.155730,0.304479,1.244217,49.807555,0.011000,0.032759,3.000000,0.300000,9.400000
22.720000,329.435851,285.748754,20.151907,0.305581,1.245220,49.806740,0.011062,0.032944,3.000000,0.300000,9.400000
22.820000,329.508824,285.233860,20.148086,0.306681,1.246222,49.805924,0.011125,0.033128,3.000000,0.300000,9.400000
22.920000,329.581285,284.725884,20.144268,0.307780,1.247222,49.805110,0.011187,0.033313,3.000000,0.300000,9.400000
23.020000,329.653242,284.224707,20.140452,0.308878,1.248221,49.804296,0.011250,0.033498,3.000000,0.300000,9.400000
23.120000,329.724700,283.730215,20.136640,0.309974,1.249218,49.803483,0.011312,0.033683,3.000000,0.300000,9.400000
23.220000,329.795664,283.242293,20.132830,0.311069,1.250215,49.802671,0.011375,0.033867,3.000000,0.300000,9.400000
23.320000,329.866140,282.760829,20.129023,0.312163,1.251209,49.801859,0.011437,0.034052,3.000000,0.300000,9.400000
23.420000,329.936134,282.285710,20.125219,0.313255,1.252203,49.801048,0.011500,0.034237,3.000000,0.300000,9.400000
23.520000,330.005651,281.816826,20.121418,0.314346,1.253195,49.800237,0.011562,0.034421,3.000000,0.300000,9.400000
23.620000,330.074695,281.354069,20.117619,0.315436,1.254186,49.799428,0.011625,0.034606,3.000000,0.300000,9.400000
23.720000,330.143274,280.897332,20.113823,0.316524,1.255176,49.798619,0.011687,0.034790,3.000000,0.300000,9.400000
23.820000,330.211390,280.446507,20.110029,0.317612,1.256165,49.797810,0.011750,0.034975,3.000000,0.300000,9.400000
23.920000,330.279050,280.001492,20.106238,0.318697,1.257152,49.797002,0.011812,0.035160,3.000000,0.300000,9.400000
24.020000,330.346259,279.562182,20.102450,0.319782,1.258138,49.796195,0.011875,0.035344,3.000000,0.300000,9.400000
24.120000,330.413020,279.128476,20.098665,0.320865,1.259123,49.795388,0.011937,0.035529,3.000000,0.300000,9.400000
24.220000,330.479340,278.700274,20.094882,0.321948,1.260107,49.794582,0.012000,0.035713,3.000000,0.300000,9.400000
24.320000,330.545222,278.277476,20.091101,0.323028,1.261089,49.793777,0.012062,0.035898,3.000000,0.300000,9.400000
24.420000,330.610672,277.859987,20.087323,0.324108,1.262070,49.792972,0.012125,0.036082,3.000000,0.300000,9.400000
24.520000,330.675694,277.447708,20.083548,0.325187,1.263050,49.792168,0.012187,0.036267,3.000000,0.300000,9.400000
24.620000,330.740292,277.040547,20.079775,0.326264,1.264029,49.791364,0.012250,0.036451,3.000000,0.300000,9.400000
24.720000,330.804470,276.638411,20.076004,0.327340,1.265007,49.790561,0.012313,0.036636,3.000000,0.300000,9.400000
24.820000,330.868234,276.241206,20.072236,0.328415,1.265984,49.789758,0.012375,0.036820,3.000000,0.300000,9.400000
24.920000,330.931587,275.848844,20.068471,0.329489,1.266959,49.788956,0.012438,0.037005,3.000000,0.300000,9.400000
25.020000,330.994534,275.461235,20.064707,0.330562,1.267934,49.788155,0.012500,0.037189,3.000000,0.300000,9.400000
25.120000,331.057078,275.078292,20.060947,0.331633,1.268907,49.787354,0.012563,0.037373,3.000000,0.300000,9.400000
25.220000,331.119224,274.699928,20.057188,0.332703,1.269880,49.786553,0.012625,0.037558,3.000000,0.300000,9.400000
25.320000,331.180975,274.326060,20.053433,0.333773,1.270851,49.785754,0.012688,0.037742,3.000000,0.300000,9.400000
25.420000,331.242336,273.956603,20.049679,0.334841,1.271821,49.784954,0.012750,0.037926,3.000000,0.300000,9.400000
25.520000,331.303311,273.591476,20.045928,0.335908,1.272790,49.784155,0.012813,0.038111,3.000000,0.300000,9.400000
25.620000,331.363902,273.230598,20.042179,0.336974,1.273758,49.783357,0.012875,0.038295,3.000000,0.300000,9.400000
25.720000,331.424115,272.873889,20.038432,0.338039,1.274725,49.782559,0.012938,0.038479,3.000000,0.300000,9.400000
25.820000,331.483952,272.521272,20.034688,0.339103,1.275691,49.781762,0.013000,0.038664,3.000000,0.300000,9.400000
25.920000,331.543417,272.172671,20.030946,0.340166,1.276656,49.780965,0.013063,0.038848,3.000000,0.300000,9.400000
26.020000,331.602514,271.828008,20.027207,0.341227,1.277620,49.780169,0.013125,0.039032,3.000000,0.300000,9.400000
26.120000,331.661246,271.487210,20.023469,0.342288,1.278582,49.779373,0.013188,0.039216,3.000000,0.300000,9.400000
26.220000,331.719616,271.150205,20.019734,0.343348,1.279544,49.778578,0.013250,0.039401,3.000000,0.300000,9.400000
26.320000,331.777629,270.816920,20.016001,0.344406,1.280505,49.777783,0.013313,0.039585,3.000000,0.300000,9.400000
26.420000,331.835286,270.487286,20.012271,0.345464,1.281465,49.776989,0.013375,0.039769,3.000000,0.300000,9.400000
26.520000,331.892592,270.161232,20.008542,0.346521,1.282424,49.776195,0.013438,0.039953,3.000000,0.300000,9.400000
26.620000,331.949550,269.838690,20.004816,0.347576,1.283382,49.775401,0.013500,0.040137,3.000000,0.300000,9.400000
26.720000,332.006163,269.519595,20.001092,0.348631,1.284339,49.774608,0.013563,0.040321,3.000000,0.300000,9.400000
26.820000,332.062434,269.203879,19.997370,0.349685,1.285295,49.773816,0.013625,0.040506,3.000000,0.300000,9.400000
26.920000,332.118365,268.891478,19.993651,0.350737,1.286250,49.773024,0.013688,0.040690,3.000000,0.300000,9.400000
27.020000,332.173961,268.582329,19.989933,0.351789,1.287204,49.772232,0.013750,0.040874,3.000000,0.300000,9.400000
27.120000,332.229223,268.276370,19.986218,0.352840,1.288157,49.771441,0.013813,0.041058,3.000000,0.300000,9.400000
27.220000,332.284156,267.973539,19.982505,0.353889,1.289109,49.770650,0.013875,0.041242,3.000000,0.300000,9.400000
27.320000,332.338760,267.673775,19.978794,0.354938,1.290061,49.769860,0.013938,0.041426,3.000000,0.300000,9.400000
27.420000,332.393041,267.377021,19.975085,0.355986,1.291011,49.769070,0.014000,0.041610,3.000000,0.300000,9.400000
27.520000,332.446999,267.083216,19.971378,0.357033,1.291960,49.768280,0.014063,0.041794,3.000000,0.300000,9.400000
27.620000,332.500639,266.792306,19.967673,0.358079,1.292909,49.767491,0.014125,0.041978,3.000000,0.300000,9.400000
27.720000,332.553962,266.504232,19.963971,0.359124,1.293857,49.766703,0.014188,0.042162,3.000000,0.300000,9.400000
27.820000,332.606971,266.218941,19.960270,0.360168,1.294804,49.765914,0.014250,0.042346,3.000000,0.300000,9.400000
27.920000,332.659669,265.936379,19.956572,0.361211,1.295749,49.765127,0.014313,0.042530,3.000000,0.300000,9.400000
28.020000,332.712059,265.656491,19.952875,0.362253,1.296694,49.764339,0.014375,0.042714,3.000000,0.300000,9.400000
28.120000,332.764142,265.379226,19.949181,0.363295,1.297639,49.763552,0.014438,0.042898,3.000000,0.300000,9.400000
28.220000,332.815921,265.104533,19.945488,0.364335,1.298582,49.762766,0.014500,0.043082,3.000000,0.300000,9.400000
28.320000,332.867400,264.832361,19.941798,0.365375,1.299524,49.761979,0.014563,0.043266,3.000000,0.300000,9.400000
28.420000,332.918579,264.562662,19.938110,0.366413,1.300466,49.761194,0.014625,0.043450,3.000000,0.300000,9.400000
28.520000,332.969461,264.295385,19.934423,0.367451,1.301407,49.760408,0.014688,0.043633,3.000000,0.300000,9.400000
28.620000,333.020050,264.030485,19.930739,0.368488,1.302347,49.759623,0.014750,0.043817,3.000000,0.300000,9.400000
28.720000,333.070346,263.767913,19.927057,0.369524,1.303286,49.758839,0.014813,0.044001,3.000000,0.300000,9.400000
28.820000,333.120352,263.507624,19.923377,0.370559,1.304224,49.758054,0.014875,0.044185,3.000000,0.300000,9.400000
28.920000,333.170071,263.249573,19.919698,0.371594,1.305161,49.757270,0.014938,0.044369,3.000000,0.300000,9.400000
29.020000,333.219504,262.993716,19.916022,0.372627,1.306098,49.756487,0.015000,0.044553,3.000000,0.300000,9.400000
29.120000,333.268654,262.740008,19.912347,0.373660,1.307033,49.755704,0.015063,0.044736,3.000000,0.300000,9.400000
29.220000,333.317523,262.488408,19.908675,0.374692,1.307968,49.754921,0.015125,0.044920,3.000000,0.300000,9.400000
29.320000,333.366112,262.238873,19.905004,0.375723,1.308902,49.754138,0.015188,0.045104,3.000000,0.300000,9.400000
29.420000,333.414424,261.991362,19.901336,0.376753,1.309836,49.753356,0.015250,0.045288,3.000000,0.300000,9.400000
29.520000,333.462461,261.745835,19.897669,0.377782,1.310768,49.752575,0.015313,0.045471,3.000000,0.300000,9.400000
29.620000,333.510225,261.502252,19.894004,0.378810,1.311700,49.751793,0.015375,0.045655,3.000000,0.300000,9.400000
29.720000,333.557718,261.260574,19.890342,0.379838,1.312631,49.751012,0.015438,0.045839,3.000000,0.300000,9.400000
29.820000,333.604941,261.020762,19.886681,0.380865,1.313561,49.750232,0.015500,0.046022,3.000000,0.300000,9.400000
29.920000,333.651896,260.782780,19.883022,0.381891,1.314490,49.749451,0.015563,0.046206,3.000000,0.300000,9.400000
30.020000,333.698586,260.546589,19.879365,0.382916,1.315419,49.748671,0.015625,0.046390,3.000000,0.300000,9.400000
30.120000,333.745011,260.312155,19.875709,0.383940,1.316347,49.747892,0.015688,0.046573,3.000000,0.300000,9.400000
30.220000,333.791175,260.079441,19.872056,0.384964,1.317274,49.747113,0.015750,0.046757,3.000000,0.300000,9.400000
30.320000,333.837078,259.848412,19.868405,0.385987,1.318200,49.746334,0.015813,0.046941,3.000000,0.300000,9.400000
30.420000,333.882723,259.619035,19.864755,0.387009,1.319125,49.745555,0.015875,0.047124,3.000000,0.300000,9.400000
30.520000,333.928111,259.391275,19.861107,0.388030,1.320050,49.744777,0.015938,0.047308,3.000000,0.300000,9.400000
30.620000,333.973243,259.165099,19.857462,0.389050,1.320974,49.743999,0.016000,0.047491,3.000000,0.300000,9.400000
30.720000,334.018121,258.940475,19.853818,0.390070,1.321897,49.743221,0.016063,0.047675,3.000000,0.300000,9.400000
30.820000,334.062748,258.717371,19.850175,0.391089,1.322819,49.742444,0.016125,0.047858,3.000000,0.300000,9.400000
30.920000,334.107124,258.495755,19.846535,0.392107,1.323741,49.741667,0.016188,0.048042,3.000000,0.300000,9.400000
31.020000,334.151252,258.275597,19.842897,0.393124,1.324662,49.740891,0.016250,0.048225,3.000000,0.300000,9.400000
31.120000,334.195132,258.056867,19.839260,0.394140,1.325582,49.740114,0.016313,0.048409,3.000000,0.300000,9.400000
31.220000,334.238766,257.839536,19.835625,0.395156,1.326502,49.739339,0.016375,0.048592,3.000000,0.300000,9.400000
31.320000,334.282156,257.623572,19.831992,0.396171,1.327420,49.738563,0.016438,0.048776,3.000000,0.300000,9.400000
31.420000,334.325303,257.408950,19.828361,0.397185,1.328338,49.737788,0.016500,0.048959,3.000000,0.300000,9.400000
31.520000,334.368208,257.195639,19.824732,0.398199,1.329256,49.737013,0.016563,0.049142,3.000000,0.300000,9.400000
31.620000,334.410874,256.983613,19.821104,0.399211,1.330172,49.736238,0.016625,0.049326,3.000000,0.300000,9.400000
31.720000,334.453301,256.772845,19.817478,0.400223,1.331088,49.735464,0.016688,0.049509,3.000000,0.300000,9.400000
31.820000,334.495491,256.563308,19.813854,0.401234,1.332003,49.734690,0.016750,0.049693,3.000000,0.300000,9.400000
31.920000,334.537446,256.354976,19.810232,0.402245,1.332918,49.733916,0.016813,0.049876,3.000000,0.300000,9.400000
32.020000,334.579166,256.147823,19.806612,0.403254,1.333831,49.733142,0.016875,0.050059,3.000000,0.300000,9.400000
32.120000,334.620652,255.941824,19.802993,0.404263,1.334744,49.732369,0.016938,0.050243,3.000000,0.300000,9.400000
32.220000,334.661908,255.736954,19.799376,0.405272,1.335656,49.731596,0.017000,0.050426,3.000000,0.300000,9.400000
32.320000,334.702932,255.533190,19.795761,0.406279,1.336568,49.730824,0.017063,0.050609,3.000000,0.300000,9.400000
32.420000,334.743727,255.330507,19.792148,0.407286,1.337479,49.730052,0.017125,0.050792,3.000000,0.300000,9.400000
32.520000,334.784295,255.128882,19.788536,0.408292,1.338389,49.729280,0.017188,0.050976,3.000000,0.300000,9.400000
32.620000,334.824635,254.928291,19.784927,0.409297,1.339298,49.728508,0.017250,0.051159,3.000000,0.300000,9.400000
32.720000,334.864750,254.728713,19.781319,0.410301,1.340207,49.727737,0.017313,0.051342,3.000000,0.300000,9.400000
32.820000,334.904641,254.530124,19.777712,0.411305,1.341115,49.726966,0.017375,0.051525,3.000000,0.300000,9.400000
32.920000,334.944309,254.332504,19.774108,0.412308,1.342022,49.726195,0.017438,0.051709,3.000000,0.300000,9.400000
33.020000,334.983754,254.135831,19.770505,0.413311,1.342929,49.725425,0.017500,0.051892,3.000000,0.300000,9.400000
33.120000,335.022979,253.940084,19.766904,0.414312,1.343835,49.724655,0.017563,0.052075,3.000000,0.300000,9.400000
33.220000,335.061984,253.745242,19.763305,0.415313,1.344740,49.723885,0.017625,0.052258,3.000000,0.300000,9.400000
33.320000,335.100771,253.551284,19.759707,0.416313,1.345645,49.723115,0.017688,0.052441,3.000000,0.300000,9.400000
33.420000,335.139340,253.358192,19.756111,0.417313,1.346549,49.722346,0.017750,0.052624,3.000000,0.300000,9.400000
33.520000,335.177692,253.165945,19.752517,0.418312,1.347452,49.721577,0.017813,0.052807,3.000000,0.300000,9.400000
33.620000,335.215830,252.974524,19.748925,0.419310,1.348355,49.720808,0.017875,0.052991,3.000000,0.300000,9.400000
33.720000,335.253752,252.783910,19.745334,0.420307,1.349257,49.720040,0.017938,0.053174,3.000000,0.300000,9.400000
33.820000,335.291462,252.594086,19.741745,0.421304,1.350158,49.719272,0.018000,0.053357,3.000000,0.300000,9.400000
33.920000,335.328959,252.405031,19.738158,0.422300,1.351058,49.718504,0.018063,0.053540,3.000000,0.300000,9.400000
34.020000,335.366246,252.216729,19.734573,0.423295,1.351958,49.717737,0.018125,0.053723,3.000000,0.300000,9.400000
34.120000,335.403321,252.029163,19.730989,0.424290,1.352857,49.716969,0.018188,0.053906,3.000000,0.300000,9.400000
34.220000,335.440188,251.842314,19.727407,0.425284,1.353756,49.716202,0.018250,0.054089,3.000000,0.300000,9.400000
34.320000,335.476846,251.656166,19.723826,0.426277,1.354654,49.715436,0.018313,0.054272,3.000000,0.300000,9.400000
34.420000,335.513297,251.470701,19.720248,0.427269,1.355551,49.714669,0.018375,0.054455,3.000000,0.300000,9.400000
34.520000,335.549542,251.285905,19.716671,0.428261,1.356448,49.713903,0.018438,0.054638,3.000000,0.300000,9.400000
34.620000,335.585581,251.101760,19.713095,0.429252,1.357343,49.713137,0.018500,0.054821,3.000000,0.300000,9.400000
34.720000,335.621415,250.918251,19.709522,0.430243,1.358239,49.712372,0.018563,0.055004,3.000000,0.300000,9.400000
34.820000,335.657046,250.735363,19.705950,0.431232,1.359133,49.711607,0.018625,0.055186,3.000000,0.300000,9.400000
34.920000,335.692474,250.553079,19.702379,0.432221,1.360027,49.710842,0.018688,0.055369,3.000000,0.300000,9.400000
35.020000,335.727700,250.371385,19.698811,0.433210,1.360920,49.710077,0.018750,0.055552,3.000000,0.300000,9.400000
35.120000,335.762725,250.190267,19.695244,0.434198,1.361813,49.709312,0.018813,0.055735,3.000000,0.300000,9.400000
35.220000,335.797550,250.009710,19.691679,0.435185,1.362705,49.708548,0.018875,0.055918,3.000000,0.300000,9.400000
35.320000,335.832176,249.829699,19.688115,0.436171,1.363596,49.707784,0.018938,0.056101,3.000000,0.300000,9.400000
35.420000,335.866603,249.650220,19.684553,0.437157,1.364487,49.707021,0.019000,0.056284,3.000000,0.300000,9.400000
35.520000,335.900832,249.471261,19.680993,0.438141,1.365377,49.706257,0.019063,0.056466,3.000000,0.300000,9.400000
35.620000,335.934864,249.292807,19.677435,0.439126,1.366266,49.705494,0.019125,0.056649,3.000000,0.300000,9.400000
35.720000,335.968701,249.114845,19.673878,0.440109,1.367155,49.704731,0.019188,0.056832,3.000000,0.300000,9.400000
35.820000,336.002341,248.937363,19.670323,0.441092,1.368043,49.703969,0.019250,0.057015,3.000000,0.300000,9.400000
35.920000,336.035788,248.760346,19.666769,0.442075,1.368931,49.703207,0.019313,0.057197,3.000000,0.300000,9.400000
36.020000,336.069040,248.583784,19.663217,0.443056,1.369817,49.702445,0.019375,0.057380,3.000000,0.300000,9.400000
36.120000,336.102100,248.407662,19.659667,0.444037,1.370704,49.701683,0.019438,0.057563,3.000000,0.300000,9.400000
36.220000,336.134967,248.231971,19.656118,0.445017,1.371589,49.700921,0.019500,0.057746,3.000000,0.300000,9.400000
36.320000,336.167643,248.056696,19.652571,0.445997,1.372474,49.700160,0.019563,0.057928,3.000000,0.300000,9.400000
36.420000,336.200128,247.881827,19.649026,0.446976,1.373358,49.699399,0.019625,0.058111,3.000000,0.300000,9.400000
36.520000,336.232423,247.707352,19.645483,0.447954,1.374242,49.698638,0.019688,0.058294,3.000000,0.300000,9.400000
36.620000,336.264528,247.533260,19.641941,0.448932,1.375125,49.697878,0.019750,0.058476,3.000000,0.300000,9.400000
36.720000,336.296445,247.359539,19.638400,0.449909,1.376007,49.697118,0.019813,0.058659,3.000000,0.300000,9.400000
36.820000,336.328173,247.186179,19.634862,0.450885,1.376889,49.696358,0.019875,0.058841,3.000000,0.300000,9.400000
36.920000,336.359715,247.013169,19.631325,0.451861,1.377770,49.695598,0.019938,0.059024,3.000000,0.300000,9.400000
37.020000,336.391069,246.840499,19.627789,0.452836,1.378651,49.694839,0.020000,0.059207,3.000000,0.300000,9.400000
37.120000,336.422238,246.668157,19.624256,0.453810,1.379530,49.694080,0.020063,0.059389,3.000000,0.300000,9.400000
37.220000,336.453221,246.496135,19.620723,0.454784,1.380410,49.693321,0.020125,0.059572,3.000000,0.300000,9.400000
37.320000,336.484020,246.324421,19.617193,0.455757,1.381288,49.692563,0.020188,0.059754,3.000000,0.300000,9.400000
37.420000,336.514635,246.153006,19.613664,0.456729,1.382166,49.691804,0.020250,0.059937,3.000000,0.300000,9.400000
37.500000,336.538994,246.016083,19.610842,0.457506,1.382868,49.691198,0.020300,0.060083,3.000000,0.300000,9.400000
37.600000,336.569279,245.845182,19.607316,0.458477,1.383745,49.690440,0.020363,0.060265,3.000000,0.300000,9.400000
37.700000,336.599382,245.674553,19.603792,0.459448,1.384621,49.689682,0.020425,0.060448,3.000000,0.300000,9.400000
37.800000,336.629302,245.504188,19.600270,0.460418,1.385497,49.688925,0.020488,0.060630,3.000000,0.300000,9.400000
37.900000,336.659042,245.334076,19.596749,0.461387,1.386371,49.688168,0.020550,0.060813,3.000000,0.300000,9.400000
38.000000,336.688601,245.164210,19.593229,0.462356,1.387246,49.687411,0.020613,0.060995,3.000000,0.300000,9.400000
38.100000,336.717981,244.994580,19.589711,0.463323,1.388119,49.686655,0.020675,0.061177,3.000000,0.300000,9.400000
38.200000,336.747181,244.825177,19.586195,0.464291,1.388993,49.685899,0.020738,0.061360,3.000000,0.300000,9.400000
38.300000,336.776202,244.655994,19.582681,0.465257,1.389865,49.685143,0.020800,0.061542,3.000000,0.300000,9.400000
38.400000,336.805045,244.487023,19.579168,0.466223,1.390737,49.684387,0.020863,0.061725,3.000000,0.300000,9.400000
38.500000,336.833711,244.318254,19.575657,0.467188,1.391608,49.683631,0.020925,0.061907,3.000000,0.300000,9.400000
38.600000,336.862199,244.149680,19.572147,0.468153,1.392479,49.682876,0.020988,0.062089,3.000000,0.300000,9.400000
38.700000,336.890511,243.981293,19.568639,0.469117,1.393349,49.682121,0.021050,0.062272,3.000000,0.300000,9.400000
38.800000,336.918646,243.813085,19.565133,0.470080,1.394218,49.681367,0.021113,0.062454,3.000000,0.300000,9.400000
38.900000,336.946607,243.645049,19.561628,0.471043,1.395087,49.680612,0.021175,0.062636,3.000000,0.300000,9.400000
39.000000,336.974392,243.477178,19.558125,0.472005,1.395955,49.679858,0.021238,0.062818,3.000000,0.300000,9.400000
39.100000,337.002003,243.309463,19.554623,0.472967,1.396822,49.679104,0.021300,0.063001,3.000000,0.300000,9.400000
39.200000,337.029440,243.141898,19.551123,0.473927,1.397689,49.678350,0.021363,0.063183,3.000000,0.300000,9.400000
39.300000,337.056704,242.974476,19.547625,0.474887,1.398556,49.677597,0.021425,0.063365,3.000000,0.300000,9.400000
39.400000,337.083795,242.807189,19.544128,0.475847,1.399421,49.676844,0.021488,0.063547,3.000000,0.300000,9.400000
39.500000,337.110713,242.640031,19.540633,0.476806,1.400286,49.676091,0.021550,0.063729,3.000000,0.300000,9.400000
39.600000,337.137460,242.472995,19.537140,0.477764,1.401151,49.675338,0.021613,0.063912,3.000000,0.300000,9.400000
39.700000,337.164035,242.306075,19.533648,0.478721,1.402015,49.674586,0.021675,0.064094,3.000000,0.300000,9.400000
39.800000,337.190439,242.139264,19.530157,0.479678,1.402878,49.673834,0.021738,0.064276,3.000000,0.300000,9.400000
39.900000,337.216673,241.972556,19.526669,0.480635,1.403740,49.673082,0.021800,0.064458,3.000000,0.300000,9.400000
40.000000,337.242736,241.805944,19.523182,0.481590,1.404602,49.672331,0.021863,0.064640,3.000000,0.300000,9.400000
40.100000,337.268631,241.639422,19.519696,0.482545,1.405464,49.671579,0.021925,0.064822,3.000000,0.300000,9.400000
40.200000,337.294356,241.472984,19.516212,0.483500,1.406325,49.670828,0.021988,0.065004,3.000000,0.300000,9.400000
40.300000,337.319912,241.306625,19.512730,0.484453,1.407185,49.670077,0.022050,0.065187,3.000000,0.300000,9.400000
40.400000,337.345301,241.140338,19.509249,0.485406,1.408044,49.669327,0.022113,0.065369,3.000000,0.300000,9.400000
40.500000,337.370521,240.974119,19.505770,0.486359,1.408903,49.668576,0.022175,0.065551,3.000000,0.300000,9.400000
40.600000,337.395575,240.807960,19.502293,0.487310,1.409761,49.667826,0.022238,0.065733,3.000000,0.300000,9.400000
40.700000,337.420461,240.641857,19.498817,0.488262,1.410619,49.667077,0.022300,0.065915,3.000000,0.300000,9.400000
40.800000,337.445182,240.475804,19.495343,0.489212,1.411476,49.666327,0.022363,0.066097,3.000000,0.300000,9.400000
40.900000,337.469736,240.309796,19.491870,0.490162,1.412333,49.665578,0.022425,0.066279,3.000000,0.300000,9.400000
41.000000,337.494125,240.143828,19.488399,0.491111,1.413189,49.664829,0.022488,0.066461,3.000000,0.300000,9.400000
41.100000,337.518348,239.977894,19.484930,0.492060,1.414044,49.664080,0.022550,0.066643,3.000000,0.300000,9.400000
41.200000,337.542407,239.811990,19.481462,0.493008,1.414899,49.663332,0.022613,0.066824,3.000000,0.300000,9.400000
41.300000,337.566302,239.646111,19.477996,0.493955,1.415753,49.662584,0.022675,0.067006,3.000000,0.300000,9.400000
41.400000,337.590032,239.480251,19.474531,0.494902,1.416606,49.661836,0.022738,0.067188,3.000000,0.300000,9.400000
41.500000,337.613599,239.314406,19.471068,0.495848,1.417459,49.661088,0.022800,0.067370,3.000000,0.300000,9.400000
41.600000,337.637004,239.148572,19.467607,0.496793,1.418311,49.660340,0.022863,0.067552,3.000000,0.300000,9.400000
41.700000,337.660245,238.982743,19.464147,0.497738,1.419163,49.659593,0.022925,0.067734,3.000000,0.300000,9.400000
41.800000,337.683324,238.816915,19.460689,0.498682,1.420014,49.658846,0.022988,0.067916,3.000000,0.300000,9.400000
41.900000,337.706241,238.651085,19.457232,0.499625,1.420864,49.658100,0.023050,0.068098,3.000000,0.300000,9.400000
42.000000,337.728997,238.485246,19.453777,0.500568,1.421714,49.657353,0.023113,0.068279,3.000000,0.300000,9.400000
42.100000,337.751591,238.319396,19.450323,0.501510,1.422563,49.656607,0.023175,0.068461,3.000000,0.300000,9.400000
42.200000,337.774025,238.153530,19.446871,0.502452,1.423412,49.655861,0.023238,0.068643,3.000000,0.300000,9.400000
42.300000,337.796298,237.987644,19.443421,0.503393,1.424260,49.655116,0.023300,0.068825,3.000000,0.300000,9.400000
42.400000,337.818411,237.821733,19.439972,0.504333,1.425107,49.654370,0.023363,0.069007,3.000000,0.300000,9.400000
42.500000,337.840365,237.655795,19.436525,0.505273,1.425954,49.653625,0.023425,0.069188,3.000000,0.300000,9.400000
42.600000,337.862159,237.489824,19.433080,0.506212,1.426800,49.652880,0.023488,0.069370,3.000000,0.300000,9.400000
42.700000,337.883794,237.323818,19.429636,0.507150,1.427646,49.652136,0.023550,0.069552,3.000000,0.300000,9.400000
42.800000,337.905270,237.157772,19.426194,0.508088,1.428490,49.651391,0.023613,0.069733,3.000000,0.300000,9.400000
42.900000,337.926589,236.991684,19.422753,0.509025,1.429335,49.650647,0.023675,0.069915,3.000000,0.300000,9.400000
43.000000,337.947749,236.825548,19.419314,0.509962,1.430179,49.649904,0.023738,0.070097,3.000000,0.300000,9.400000
43.100000,337.968752,236.659363,19.415876,0.510897,1.431022,49.649160,0.023800,0.070278,3.000000,0.300000,9.400000
43.200000,337.989597,236.493123,19.412440,0.511833,1.431864,49.648417,0.023863,0.070460,3.000000,0.300000,9.400000
43.300000,338.010286,236.326827,19.409006,0.512767,1.432706,49.647674,0.023925,0.070642,3.000000,0.300000,9.400000
43.400000,338.030818,236.160470,19.405573,0.513701,1.433547,49.646931,0.023988,0.070823,3.000000,0.300000,9.400000
43.500000,338.051194,235.994050,19.402142,0.514634,1.434388,49.646189,0.024050,0.071005,3.000000,0.300000,9.400000
43.600000,338.071414,235.827562,19.398712,0.515567,1.435228,49.645446,0.024113,0.071186,3.000000,0.300000,9.400000
43.700000,338.091478,235.661005,19.395284,0.516499,1.436068,49.644704,0.024175,0.071368,3.000000,0.300000,9.400000
43.800000,338.111387,235.494375,19.391858,0.517431,1.436906,49.643963,0.024238,0.071550,3.000000,0.300000,9.400000
43.900000,338.131142,235.327670,19.388433,0.518361,1.437745,49.643221,0.024300,0.071731,3.000000,0.300000,9.400000
44.000000,338.150741,235.160885,19.385010,0.519291,1.438582,49.642480,0.024363,0.071913,3.000000,0.300000,9.400000
44.100000,338.170186,234.994018,19.381588,0.520221,1.439419,49.641739,0.024425,0.072094,3.000000,0.300000,9.400000
44.200000,338.189478,234.827067,19.378168,0.521150,1.440256,49.640999,0.024488,0.072276,3.000000,0.300000,9.400000
44.300000,338.208615,234.660029,19.374750,0.522078,1.441092,49.640258,0.024550,0.072457,3.000000,0.300000,9.400000
44.400000,338.227600,234.492901,19.371333,0.523005,1.441927,49.639518,0.024613,0.072638,3.000000,0.300000,9.400000
44.500000,338.246431,234.325680,19.367918,0.523932,1.442762,49.638778,0.024675,0.072820,3.000000,0.300000,9.400000
44.600000,338.265110,234.158364,19.364504,0.524859,1.443596,49.638039,0.024738,0.073001,3.000000,0.300000,9.400000
44.700000,338.283636,233.990950,19.361092,0.525784,1.444429,49.637299,0.024800,0.073183,3.000000,0.300000,9.400000
44.800000,338.302010,233.823436,19.357681,0.526709,1.445262,49.636560,0.024863,0.073364,3.000000,0.300000,9.400000
44.900000,338.320232,233.655820,19.354272,0.527634,1.446094,49.635822,0.024925,0.073546,3.000000,0.300000,9.400000
45.000000,338.338302,233.488098,19.350865,0.528558,1.446926,49.635083,0.024988,0.073727,3.000000,0.300000,9.400000
45.100000,338.356221,233.320270,19.347459,0.529481,1.447756,49.634345,0.025050,0.073908,3.000000,0.300000,9.400000
45.200000,338.373990,233.152331,19.344055,0.530403,1.448587,49.633607,0.025113,0.074090,3.000000,0.300000,9.400000
45.300000,338.391607,232.984281,19.340652,0.531325,1.449417,49.632869,0.025175,0.074271,3.000000,0.300000,9.400000
45.400000,338.409074,232.816118,19.337252,0.532246,1.450246,49.632132,0.025238,0.074452,3.000000,0.300000,9.400000
45.500000,338.426391,232.647838,19.333852,0.533167,1.451074,49.631394,0.025300,0.074633,3.000000,0.300000,9.400000
45.600000,338.443559,232.479440,19.330454,0.534087,1.451902,49.630658,0.025363,0.074815,3.000000,0.300000,9.400000
45.700000,338.460576,232.310922,19.327058,0.535006,1.452730,49.629921,0.025425,0.074996,3.000000,0.300000,9.400000
45.800000,338.477445,232.142283,19.323663,0.535925,1.453556,49.629185,0.025488,0.075177,3.000000,0.300000,9.400000
45.900000,338.494164,231.973519,19.320270,0.536843,1.454382,49.628448,0.025550,0.075358,3.000000,0.300000,9.400000
46.000000,338.510735,231.804629,19.316879,0.537760,1.455208,49.627713,0.025613,0.075540,3.000000,0.300000,9.400000
46.100000,338.527157,231.635612,19.313489,0.538677,1.456033,49.626977,0.025675,0.075721,3.000000,0.300000,9.400000
46.200000,338.543431,231.466466,19.310101,0.539593,1.456857,49.626242,0.025738,0.075902,3.000000,0.300000,9.400000
46.300000,338.559557,231.297188,19.306714,0.540508,1.457681,49.625507,0.025800,0.076083,3.000000,0.300000,9.400000
46.400000,338.575536,231.127778,19.303329,0.541423,1.458504,49.624772,0.025863,0.076264,3.000000,0.300000,9.400000
46.500000,338.591367,230.958234,19.299946,0.542337,1.459326,49.624037,0.025925,0.076445,3.000000,0.300000,9.400000
46.600000,338.607051,230.788553,19.296564,0.543251,1.460148,49.623303,0.025988,0.076627,3.000000,0.300000,9.400000
46.700000,338.622588,230.618735,19.293183,0.544164,1.460969,49.622569,0.026050,0.076808,3.000000,0.300000,9.400000
46.800000,338.637978,230.448777,19.289805,0.545076,1.461790,49.621836,0.026113,0.076989,3.000000,0.300000,9.400000
46.900000,338.653222,230.278679,19.286427,0.545988,1.462610,49.621102,0.026175,0.077170,3.000000,0.300000,9.400000
47.000000,338.668320,230.108439,19.283052,0.546899,1.463429,49.620369,0.026238,0.077351,3.000000,0.300000,9.400000
47.100000,338.683273,229.938056,19.279678,0.547809,1.464248,49.619636,0.026300,0.077532,3.000000,0.300000,9.400000
47.200000,338.698079,229.767528,19.276305,0.548719,1.465066,49.618904,0.026363,0.077713,3.000000,0.300000,9.400000
47.300000,338.712741,229.596854,19.272935,0.549628,1.465884,49.618171,0.026425,0.077894,3.000000,0.300000,9.400000
47.400000,338.727257,229.426033,19.269565,0.550536,1.466701,49.617439,0.026488,0.078075,3.000000,0.300000,9.400000
47.500000,338.741628,229.255063,19.266198,0.551444,1.467517,49.616707,0.026550,0.078256,3.000000,0.300000,9.400000
47.600000,338.755855,229.083943,19.262832,0.552351,1.468333,49.615976,0.026613,0.078437,3.000000,0.300000,9.400000
47.700000,338.769938,228.912673,19.259467,0.553258,1.469148,49.615245,0.026675,0.078618,3.000000,0.300000,9.400000
47.800000,338.783876,228.741250,19.256105,0.554164,1.469962,49.614514,0.026738,0.078799,3.000000,0.300000,9.400000
47.900000,338.797671,228.569674,19.252743,0.555069,1.470776,49.613783,0.026800,0.078980,3.000000,0.300000,9.400000
48.000000,338.811322,228.397944,19.249384,0.555973,1.471590,49.613053,0.026863,0.079161,3.000000,0.300000,9.400000
48.100000,338.824829,228.226059,19.246026,0.556877,1.472402,49.612323,0.026925,0.079342,3.000000,0.300000,9.400000
48.200000,338.838194,228.054018,19.242669,0.557781,1.473214,49.611593,0.026988,0.079522,3.000000,0.300000,9.400000
48.300000,338.851416,227.881819,19.239314,0.558683,1.474026,49.610863,0.027050,0.079703,3.000000,0.300000,9.400000
48.400000,338.864495,227.709463,19.235961,0.559585,1.474837,49.610134,0.027113,0.079884,3.000000,0.300000,9.400000
48.500000,338.877432,227.536947,19.232609,0.560487,1.475647,49.609405,0.027175,0.080065,3.000000,0.300000,9.400000
48.600000,338.890226,227.364272,19.229259,0.561387,1.476456,49.608676,0.027238,0.080246,3.000000,0.300000,9.400000
48.700000,338.902879,227.191436,19.225911,0.562287,1.477265,49.607948,0.027300,0.080427,3.000000,0.300000,9.400000
48.800000,338.915390,227.018439,19.222564,0.563187,1.478074,49.607220,0.027363,0.080607,3.000000,0.300000,9.400000
48.900000,338.927759,226.845279,19.219218,0.564086,1.478881,49.606492,0.027425,0.080788,3.000000,0.300000,9.400000
49.000000,338.939987,226.671957,19.215875,0.564984,1.479689,49.605764,0.027488,0.080969,3.000000,0.300000,9.400000
49.100000,338.952075,226.498471,19.212533,0.565881,1.480495,49.605037,0.027550,0.081150,3.000000,0.300000,9.400000
49.200000,338.964021,226.324821,19.209192,0.566778,1.481301,49.604310,0.027613,0.081330,3.000000,0.300000,9.400000
49.300000,338.975827,226.151006,19.205853,0.567674,1.482106,49.603583,0.027675,0.081511,3.000000,0.300000,9.400000
49.400000,338.987493,225.977026,19.202516,0.568570,1.482911,49.602856,0.027738,0.081692,3.000000,0.300000,9.400000
49.500000,338.999018,225.802880,19.199180,0.569465,1.483715,49.602130,0.027800,0.081873,3.000000,0.300000,9.400000
49.600000,339.010404,225.628567,19.195846,0.570359,1.484518,49.601404,0.027863,0.082053,3.000000,0.300000,9.400000
49.700000,339.021650,225.454087,19.192513,0.571253,1.485321,49.600679,0.027925,0.082234,3.000000,0.300000,9.400000
49.800000,339.032757,225.279440,19.189182,0.572146,1.486123,49.599953,0.027988,0.082415,3.000000,0.300000,9.400000
49.900000,339.043724,225.104625,19.185853,0.573038,1.486925,49.599228,0.028050,0.082595,3.000000,0.300000,9.400000
50.000000,339.054553,224.929641,19.182525,0.573930,1.487726,49.598503,0.028113,0.082776,3.000000,0.300000,9.400000
50.100000,339.065242,224.754488,19.179199,0.574821,1.488526,49.597779,0.028175,0.082956,3.000000,0.300000,9.400000
50.200000,339.075794,224.579166,19.175874,0.575711,1.489326,49.597055,0.028238,0.083137,3.000000,0.300000,9.400000
50.300000,339.086207,224.403675,19.172551,0.576601,1.490125,49.596331,0.028300,0.083317,3.000000,0.300000,9.400000
50.400000,339.096482,224.228014,19.169230,0.577490,1.490924,49.595607,0.028363,0.083498,3.000000,0.300000,9.400000
50.500000,339.106619,224.052183,19.165910,0.578379,1.491721,49.594884,0.028425,0.083679,3.000000,0.300000,9.400000
50.600000,339.116618,223.876181,19.162592,0.579266,1.492519,49.594160,0.028488,0.083859,3.000000,0.300000,9.400000
50.700000,339.126480,223.700008,19.159275,0.580154,1.493315,49.593438,0.028550,0.084040,3.000000,0.300000,9.400000
50.800000,339.136205,223.523665,19.155960,0.581040,1.494111,49.592715,0.028613,0.084220,3.000000,0.300000,9.400000
50.900000,339.145793,223.347151,19.152647,0.581926,1.494907,49.591993,0.028675,0.084401,3.000000,0.300000,9.400000
51.000000,339.155244,223.170465,19.149335,0.582811,1.495701,49.591271,0.028738,0.084581,3.000000,0.300000,9.400000
51.100000,339.164558,222.993608,19.146025,0.583696,1.496496,49.590549,0.028800,0.084761,3.000000,0.300000,9.400000
51.200000,339.173737,222.816580,19.142716,0.584580,1.497289,49.589828,0.028863,0.084942,3.000000,0.300000,9.400000
51.300000,339.182779,222.639380,19.139409,0.585463,1.498082,49.589107,0.028925,0.085122,3.000000,0.300000,9.400000
51.400000,339.191685,222.462008,19.136103,0.586346,1.498874,49.588386,0.028988,0.085303,3.000000,0.300000,9.400000
51.500000,339.200455,222.284464,19.132800,0.587227,1.499666,49.587666,0.029050,0.085483,3.000000,0.300000,9.400000
51.600000,339.209090,222.106749,19.129497,0.588109,1.500457,49.586945,0.029113,0.085663,3.000000,0.300000,9.400000
51.700000,339.217590,221.928862,19.126197,0.588989,1.501247,49.586225,0.029175,0.085844,3.000000,0.300000,9.400000
51.800000,339.225954,221.750803,19.122898,0.589869,1.502037,49.585506,0.029238,0.086024,3.000000,0.300000,9.400000
51.900000,339.234184,221.572572,19.119600,0.590749,1.502826,49.584786,0.029300,0.086204,3.000000,0.300000,9.400000
52.000000,339.242279,221.394170,19.116304,0.591627,1.503615,49.584067,0.029363,0.086385,3.000000,0.300000,9.400000
52.100000,339.250240,221.215596,19.113010,0.592506,1.504403,49.583349,0.029425,0.086565,3.000000,0.300000,9.400000
52.200000,339.258066,221.036851,19.109718,0.593383,1.505190,49.582630,0.029488,0.086745,3.000000,0.300000,9.400000
52.300000,339.265759,220.857934,19.106427,0.594260,1.505977,49.581912,0.029550,0.086926,3.000000,0.300000,9.400000
52.400000,339.273318,220.678846,19.103137,0.595136,1.506763,49.581194,0.029613,0.087106,3.000000,0.300000,9.400000
52.500000,339.280743,220.499587,19.099849,0.596011,1.507548,49.580476,0.029675,0.087286,3.000000,0.300000,9.400000
52.600000,339.288034,220.320157,19.096563,0.596886,1.508333,49.579759,0.029738,0.087466,3.000000,0.300000,9.400000
52.700000,339.295193,220.140557,19.093278,0.597760,1.509117,49.579042,0.029800,0.087646,3.000000,0.300000,9.400000
52.800000,339.302218,219.960786,19.089995,0.598634,1.509901,49.578325,0.029863,0.087827,3.000000,0.300000,9.400000
52.900000,339.309111,219.780845,19.086714,0.599506,1.510683,49.577609,0.029925,0.088007,3.000000,0.300000,9.400000
53.000000,339.315871,219.600733,19.083434,0.600379,1.511466,49.576893,0.029988,0.088187,3.000000,0.300000,9.400000
53.100000,339.322499,219.420452,19.080156,0.601250,1.512247,49.576177,0.030050,0.088367,3.000000,0.300000,9.400000
53.200000,339.328995,219.240002,19.076879,0.602121,1.513028,49.575462,0.030113,0.088547,3.000000,0.300000,9.400000
53.300000,339.335358,219.059382,19.073604,0.602991,1.513809,49.574746,0.030175,0.088727,3.000000,0.300000,9.400000
53.400000,339.341590,218.878594,19.070331,0.603861,1.514589,49.574031,0.030238,0.088907,3.000000,0.300000,9.400000
53.500000,339.347691,218.697638,19.067059,0.604730,1.515368,49.573317,0.030300,0.089088,3.000000,0.300000,9.400000
53.600000,339.353660,218.516513,19.063789,0.605598,1.516146,49.572602,0.030363,0.089268,3.000000,0.300000,9.400000
53.700000,339.359498,218.335220,19.060520,0.606465,1.516924,49.571888,0.030425,0.089448,3.000000,0.300000,9.400000
53.800000,339.365205,218.153761,19.057253,0.607332,1.517701,49.571175,0.030488,0.089628,3.000000,0.300000,9.400000
53.900000,339.370781,217.972134,19.053988,0.608198,1.518478,49.570461,0.030550,0.089808,3.000000,0.300000,9.400000
54.000000,339.376227,217.790341,19.050724,0.609064,1.519254,49.569748,0.030613,0.089988,3.000000,0.300000,9.400000
54.100000,339.381543,217.608382,19.047462,0.609929,1.520029,49.569035,0.030675,0.090168,3.000000,0.300000,9.400000
54.200000,339.386728,217.426258,19.044201,0.610793,1.520804,49.568323,0.030738,0.090348,3.000000,0.300000,9.400000
54.300000,339.391783,217.243969,19.040942,0.611657,1.521578,49.567610,0.030800,0.090528,3.000000,0.300000,9.400000
54.400000,339.396709,217.061515,19.037685,0.612520,1.522352,49.566898,0.030863,0.090708,3.000000,0.300000,9.400000
54.500000,339.401506,216.878896,19.034429,0.613382,1.523124,49.566187,0.030925,0.090888,3.000000,0.300000,9.400000
54.600000,339.406173,216.696115,19.031175,0.614244,1.523897,49.565475,0.030988,0.091067,3.000000,0.300000,9.400000
54.700000,339.410710,216.513170,19.027923,0.615105,1.524668,49.564764,0.031050,0.091247,3.000000,0.300000,9.400000
54.800000,339.415120,216.330064,19.024672,0.615965,1.525439,49.564054,0.031113,0.091427,3.000000,0.300000,9.400000
54.900000,339.419400,216.146795,19.021422,0.616825,1.526209,49.563343,0.031175,0.091607,3.000000,0.300000,9.400000
55.000000,339.423552,215.963365,19.018175,0.617684,1.526979,49.562633,0.031238,0.091787,3.000000,0.300000,9.400000
55.100000,339.427575,215.779774,19.014929,0.618542,1.527748,49.561923,0.031300,0.091967,3.000000,0.300000,9.400000
55.200000,339.431471,215.596024,19.011684,0.619400,1.528517,49.561214,0.031363,0.092147,3.000000,0.300000,9.400000
55.300000,339.435238,215.412114,19.008441,0.620257,1.529284,49.560504,0.031425,0.092326,3.000000,0.300000,9.400000
55.400000,339.438878,215.228045,19.005200,0.621113,1.530051,49.559795,0.031488,0.092506,3.000000,0.300000,9.400000
55.500000,339.442391,215.043818,19.001960,0.621969,1.530818,49.559087,0.031550,0.092686,3.000000,0.300000,9.400000
55.600000,339.445776,214.859433,18.998722,0.622824,1.531584,49.558378,0.031613,0.092866,3.000000,0.300000,9.400000
55.700000,339.449034,214.674892,18.995486,0.623678,1.532349,49.557670,0.031675,0.093046,3.000000,0.300000,9.400000
55.800000,339.452165,214.490195,18.992251,0.624532,1.533114,49.556963,0.031738,0.093225,3.000000,0.300000,9.400000
55.900000,339.455170,214.305342,18.989018,0.625385,1.533878,49.556255,0.031800,0.093405,3.000000,0.300000,9.400000
56.000000,339.458048,214.120335,18.985786,0.626237,1.534641,49.555548,0.031863,0.093585,3.000000,0.300000,9.400000
56.100000,339.460800,213.935174,18.982556,0.627089,1.535404,49.554841,0.031925,0.093764,3.000000,0.300000,9.400000
56.200000,339.463425,213.749860,18.979328,0.627940,1.536166,49.554135,0.031988,0.093944,3.000000,0.300000,9.400000
56.300000,339.465925,213.564393,18.976101,0.628790,1.536927,49.553429,0.032050,0.094124,3.000000,0.300000,9.400000
56.400000,339.468299,213.378774,18.972876,0.629640,1.537688,49.552723,0.032113,0.094303,3.000000,0.300000,9.400000
56.500000,339.470548,213.193005,18.969652,0.630489,1.538448,49.552017,0.032175,0.094483,3.000000,0.300000,9.400000
56.600000,339.472671,213.007086,18.966430,0.631338,1.539208,49.551312,0.032238,0.094663,3.000000,0.300000,9.400000
56.700000,339.474670,212.821017,18.963210,0.632185,1.539966,49.550607,0.032300,0.094842,3.000000,0.300000,9.400000
56.800000,339.476543,212.634800,18.959991,0.633032,1.540725,49.549903,0.032363,0.095022,3.000000,0.300000,9.400000
56.900000,339.478292,212.448435,18.956774,0.633879,1.541482,49.549198,0.032425,0.095201,3.000000,0.300000,9.400000
57.000000,339.479917,212.261924,18.953559,0.634724,1.542239,49.548494,0.032488,0.095381,3.000000,0.300000,9.400000
57.100000,339.481417,212.075266,18.950345,0.635569,1.542995,49.547791,0.032550,0.095561,3.000000,0.300000,9.400000
57.200000,339.482793,211.888463,18.947133,0.636414,1.543751,49.547087,0.032613,0.095740,3.000000,0.300000,9.400000
57.300000,339.484045,211.701516,18.943922,0.637258,1.544506,49.546384,0.032675,0.095920,3.000000,0.300000,9.400000
57.400000,339.485174,211.514426,18.940713,0.638101,1.545261,49.545681,0.032738,0.096099,3.000000,0.300000,9.400000
57.500000,339.486179,211.327193,18.937505,0.638943,1.546014,49.544979,0.032800,0.096279,3.000000,0.300000,9.400000
57.600000,339.487061,211.139819,18.934300,0.639785,1.546767,49.544277,0.032863,0.096458,3.000000,0.300000,9.400000
57.700000,339.487820,210.952304,18.931095,0.640626,1.547520,49.543575,0.032925,0.096637,3.000000,0.300000,9.400000
57.800000,339.488456,210.764649,18.927893,0.641466,1.548272,49.542874,0.032988,0.096817,3.000000,0.300000,9.400000
57.900000,339.488969,210.576855,18.924692,0.642306,1.549023,49.542172,0.033050,0.096996,3.000000,0.300000,9.400000
58.000000,339.489360,210.388923,18.921493,0.643145,1.549774,49.541472,0.033113,0.097176,3.000000,0.300000,9.400000
58.100000,339.489629,210.200855,18.918295,0.643983,1.550523,49.540771,0.033175,0.097355,3.000000,0.300000,9.400000
58.200000,339.489775,210.012650,18.915099,0.644821,1.551273,49.540071,0.033238,0.097534,3.000000,0.300000,9.400000
58.300000,339.489800,209.824310,18.911904,0.645658,1.552021,49.539371,0.033300,0.097714,3.000000,0.300000,9.400000
58.400000,339.489703,209.635836,18.908711,0.646494,1.552769,49.538671,0.033363,0.097893,3.000000,0.300000,9.400000
58.500000,339.489485,209.447229,18.905520,0.647330,1.553517,49.537972,0.033425,0.098073,3.000000,0.300000,9.400000
58.600000,339.489145,209.258490,18.902330,0.648165,1.554263,49.537273,0.033488,0.098252,3.000000,0.300000,9.400000
58.700000,339.488685,209.069620,18.899142,0.648999,1.555009,49.536574,0.033550,0.098431,3.000000,0.300000,9.400000
58.800000,339.488103,208.880619,18.895956,0.649833,1.555755,49.535876,0.033613,0.098610,3.000000,0.300000,9.400000
58.900000,339.487402,208.691490,18.892771,0.650666,1.556500,49.535178,0.033675,0.098790,3.000000,0.300000,9.400000
59.000000,339.486579,208.502232,18.889588,0.651498,1.557244,49.534480,0.033738,0.098969,3.000000,0.300000,9.400000
59.100000,339.485637,208.312847,18.886406,0.652330,1.557987,49.533783,0.033800,0.099148,3.000000,0.300000,9.400000
59.200000,339.484574,208.123336,18.883226,0.653161,1.558730,49.533086,0.033863,0.099327,3.000000,0.300000,9.400000
59.300000,339.483392,207.933700,18.880048,0.653991,1.559472,49.532389,0.033925,0.099507,3.000000,0.300000,9.400000
59.400000,339.482090,207.743940,18.876871,0.654821,1.560214,49.531693,0.033988,0.099686,3.000000,0.300000,9.400000
59.500000,339.480668,207.554058,18.873696,0.655650,1.560955,49.530996,0.034050,0.099865,3.000000,0.300000,9.400000
59.600000,339.479128,207.364053,18.870523,0.656478,1.561695,49.530301,0.034113,0.100044,3.000000,0.300000,9.400000
59.700000,339.477468,207.173927,18.867351,0.657306,1.562435,49.529605,0.034175,0.100223,3.000000,0.300000,9.400000
59.800000,339.475690,206.983682,18.864181,0.658133,1.563174,49.528910,0.034238,0.100403,3.000000,0.300000,9.400000
59.900000,339.473793,206.793318,18.861012,0.658959,1.563912,49.528215,0.034300,0.100582,3.000000,0.300000,9.400000
60.000000,339.471777,206.602837,18.857845,0.659785,1.564650,49.527521,0.034363,0.100761,3.000000,0.300000,9.400000
